Workbook

Sheet Summary
A2: Ha Noi
B4: Province | C4: Total On Air Site | D4: RAT | E4: 46141 | F4: =E4+1 -> 46142 | G4: =F4+1 -> 46143 | H4: =G4+1 -> 46144 | I4: =H4+1 -> 46145 | J4: =I4+1 -> 46146 | K4: =J4+1 -> 46147 | L4: =K4+1 -> 46148 | M4: =L4+1 -> 46149 | ... Y4: =X4+1 -> 46161
B5: Ha Noi | C5: =COUNTIFS('Ha Noi Progress'!D:D,"<>",'Ha Noi Progress'!I:I,"<>",'Ha Noi Progress'!B:B,B5) -> 16 | D5: 4G | E5: =COUNTIFS('Ha Noi Progress'!$B:$B,$B$5,'Ha Noi Progress'!$D:$D,"<>",'Ha Noi Progress'!$I:$I,E4) -> 0 | F5: =COUNTIFS('Ha Noi Progress'!$B:$B,$B$5,'Ha Noi Progress'!$D:$D,"<>",'Ha Noi Progress'!$I:$I,F4) -> 0 | G5: =COUNTIFS('Ha Noi Progress'!$B:$B,$B$5,'Ha Noi Progress'!$D:$D,"<>",'Ha Noi Progress'!$I:$I,G4) -> 0 | H5: =COUNTIFS('Ha Noi Progress'!$B:$B,$B$5,'Ha Noi Progress'!$D:$D,"<>",'Ha Noi Progress'!$I:$I,H4) -> 0 | I5: =COUNTIFS('Ha Noi Progress'!$B:$B,$B$5,'Ha Noi Progress'!$D:$D,"<>",'Ha Noi Progress'!$I:$I,I4) -> 0 | J5: =COUNTIFS('Ha Noi Progress'!$B:$B,$B$5,'Ha Noi Progress'!$D:$D,"<>",'Ha Noi Progress'!$I:$I,J4) -> 0 | K5: =COUNTIFS('Ha Noi Progress'!$B:$B,$B$5,'Ha Noi Progress'!$D:$D,"<>",'Ha Noi Progress'!$I:$I,K4) -> 0 | L5: =COUNTIFS('Ha Noi Progress'!$B:$B,$B$5,'Ha Noi Progress'!$D:$D,"<>",'Ha Noi Progress'!$I:$I,L4) -> 1 | ... Y5: =COUNTIFS('Ha Noi Progress'!$B:$B,$B$5,'Ha Noi Progress'!$D:$D,"<>",'Ha Noi Progress'!$I:$I,Y4) -> 0
C6: =SUMPRODUCT(--ISNUMBER('Ha Noi Progress'!M:M)) -> 11 | D6: 5G | E6: =COUNTIFS('Ha Noi Progress'!$D:$D,"<>",'Ha Noi Progress'!$B:$B,$B$5,'Ha Noi Progress'!$M:$M,E4) -> 0 | F6: =COUNTIFS('Ha Noi Progress'!$D:$D,"<>",'Ha Noi Progress'!$B:$B,$B$5,'Ha Noi Progress'!$M:$M,F4) -> 0 | G6: =COUNTIFS('Ha Noi Progress'!$D:$D,"<>",'Ha Noi Progress'!$B:$B,$B$5,'Ha Noi Progress'!$M:$M,G4) -> 0 | H6: =COUNTIFS('Ha Noi Progress'!$D:$D,"<>",'Ha Noi Progress'!$B:$B,$B$5,'Ha Noi Progress'!$M:$M,H4) -> 0 | I6: =COUNTIFS('Ha Noi Progress'!$D:$D,"<>",'Ha Noi Progress'!$B:$B,$B$5,'Ha Noi Progress'!$M:$M,I4) -> 0 | J6: =COUNTIFS('Ha Noi Progress'!$D:$D,"<>",'Ha Noi Progress'!$B:$B,$B$5,'Ha Noi Progress'!$M:$M,J4) -> 0 | K6: =COUNTIFS('Ha Noi Progress'!$D:$D,"<>",'Ha Noi Progress'!$B:$B,$B$5,'Ha Noi Progress'!$M:$M,K4) -> 0 | L6: =COUNTIFS('Ha Noi Progress'!$D:$D,"<>",'Ha Noi Progress'!$B:$B,$B$5,'Ha Noi Progress'!$M:$M,L4) -> 1 | ... Y6: =COUNTIFS('Ha Noi Progress'!$D:$D,"<>",'Ha Noi Progress'!$B:$B,$B$5,'Ha Noi Progress'!$M:$M,Y4) -> 0
A10: North
B12: Province | C12: Total On Air Site | D12: RAT | E12: 46141 | F12: =E12+1 -> 46142 | G12: =F12+1 -> 46143 | H12: =G12+1 -> 46144 | I12: =H12+1 -> 46145 | J12: =I12+1 -> 46146 | K12: =J12+1 -> 46147 | L12: =K12+1 -> 46148 | M12: =L12+1 -> 46149 | ... Y12: =X12+1 -> 46161
B13: Hai Phong | C13: =COUNTIFS('North 5G Progress'!B:B,B13,'North 5G Progress'!J:J,"<>") -> 3 | D13: 5G | E13: =COUNTIFS('North 5G Progress'!$B:$B,$B$13,'North 5G Progress'!$J:$J,E12,'North 5G Progress'!$C:$C,"<>") -> 1 | F13: =COUNTIFS('North 5G Progress'!$B:$B,$B$13,'North 5G Progress'!$J:$J,F12,'North 5G Progress'!$C:$C,"<>") -> 0 | G13: =COUNTIFS('North 5G Progress'!$B:$B,$B$13,'North 5G Progress'!$J:$J,G12,'North 5G Progress'!$C:$C,"<>") -> 0 | H13: =COUNTIFS('North 5G Progress'!$B:$B,$B$13,'North 5G Progress'!$J:$J,H12,'North 5G Progress'!$C:$C,"<>") -> 0 | I13: =COUNTIFS('North 5G Progress'!$B:$B,$B$13,'North 5G Progress'!$J:$J,I12,'North 5G Progress'!$C:$C,"<>") -> 0 | J13: =COUNTIFS('North 5G Progress'!$B:$B,$B$13,'North 5G Progress'!$J:$J,J12,'North 5G Progress'!$C:$C,"<>") -> 0 | K13: =COUNTIFS('North 5G Progress'!$B:$B,$B$13,'North 5G Progress'!$J:$J,K12,'North 5G Progress'!$C:$C,"<>") -> 0 | L13: =COUNTIFS('North 5G Progress'!$B:$B,$B$13,'North 5G Progress'!$J:$J,L12,'North 5G Progress'!$C:$C,"<>") -> 0 | ... Y13: =COUNTIFS('North 5G Progress'!$B:$B,$B$13,'North 5G Progress'!$J:$J,Y12,'North 5G Progress'!$C:$C,"<>") -> 0
B14: Hai Duong | C14: =COUNTIFS('North 5G Progress'!B:B,B14,'North 5G Progress'!J:J,"<>") -> 0 | D14: 5G | E14: =COUNTIFS('North 5G Progress'!$B:$B,$B$13,'North 5G Progress'!$J:$J,E13,'North 5G Progress'!$C:$C,"<>") -> 0 | F14: =COUNTIFS('North 5G Progress'!$B:$B,$B$13,'North 5G Progress'!$J:$J,F13,'North 5G Progress'!$C:$C,"<>") -> 0 | G14: =COUNTIFS('North 5G Progress'!$B:$B,$B$13,'North 5G Progress'!$J:$J,G13,'North 5G Progress'!$C:$C,"<>") -> 0 | H14: =COUNTIFS('North 5G Progress'!$B:$B,$B$13,'North 5G Progress'!$J:$J,H13,'North 5G Progress'!$C:$C,"<>") -> 0 | I14: =COUNTIFS('North 5G Progress'!$B:$B,$B$13,'North 5G Progress'!$J:$J,I13,'North 5G Progress'!$C:$C,"<>") -> 0 | J14: =COUNTIFS('North 5G Progress'!$B:$B,$B$13,'North 5G Progress'!$J:$J,J13,'North 5G Progress'!$C:$C,"<>") -> 0 | K14: =COUNTIFS('North 5G Progress'!$B:$B,$B$13,'North 5G Progress'!$J:$J,K13,'North 5G Progress'!$C:$C,"<>") -> 0 | L14: =COUNTIFS('North 5G Progress'!$B:$B,$B$13,'North 5G Progress'!$J:$J,L13,'North 5G Progress'!$C:$C,"<>") -> 0 | ... Y14: =COUNTIFS('North 5G Progress'!$B:$B,$B$13,'North 5G Progress'!$J:$J,Y13,'North 5G Progress'!$C:$C,"<>") -> 0
B15: Hung Yen | C15: =COUNTIFS('North 5G Progress'!B:B,B15,'North 5G Progress'!J:J,"<>") -> 0 | D15: 5G | E15: =COUNTIFS('North 5G Progress'!$B:$B,$B$13,'North 5G Progress'!$J:$J,E14,'North 5G Progress'!$C:$C,"<>") -> 0 | F15: =COUNTIFS('North 5G Progress'!$B:$B,$B$13,'North 5G Progress'!$J:$J,F14,'North 5G Progress'!$C:$C,"<>") -> 0 | G15: =COUNTIFS('North 5G Progress'!$B:$B,$B$13,'North 5G Progress'!$J:$J,G14,'North 5G Progress'!$C:$C,"<>") -> 0 | H15: =COUNTIFS('North 5G Progress'!$B:$B,$B$13,'North 5G Progress'!$J:$J,H14,'North 5G Progress'!$C:$C,"<>") -> 0 | I15: =COUNTIFS('North 5G Progress'!$B:$B,$B$13,'North 5G Progress'!$J:$J,I14,'North 5G Progress'!$C:$C,"<>") -> 0 | J15: =COUNTIFS('North 5G Progress'!$B:$B,$B$13,'North 5G Progress'!$J:$J,J14,'North 5G Progress'!$C:$C,"<>") -> 0 | K15: =COUNTIFS('North 5G Progress'!$B:$B,$B$13,'North 5G Progress'!$J:$J,K14,'North 5G Progress'!$C:$C,"<>") -> 0 | L15: =COUNTIFS('North 5G Progress'!$B:$B,$B$13,'North 5G Progress'!$J:$J,L14,'North 5G Progress'!$C:$C,"<>") -> 0 | ... Y15: =COUNTIFS('North 5G Progress'!$B:$B,$B$13,'North 5G Progress'!$J:$J,Y14,'North 5G Progress'!$C:$C,"<>") -> 0
B16: Thai Binh | C16: =COUNTIFS('North 5G Progress'!B:B,B16,'North 5G Progress'!J:J,"<>") -> 0 | D16: 5G | E16: =COUNTIFS('North 5G Progress'!$B:$B,$B$13,'North 5G Progress'!$J:$J,E15,'North 5G Progress'!$C:$C,"<>") -> 0 | F16: =COUNTIFS('North 5G Progress'!$B:$B,$B$13,'North 5G Progress'!$J:$J,F15,'North 5G Progress'!$C:$C,"<>") -> 0 | G16: =COUNTIFS('North 5G Progress'!$B:$B,$B$13,'North 5G Progress'!$J:$J,G15,'North 5G Progress'!$C:$C,"<>") -> 0 | H16: =COUNTIFS('North 5G Progress'!$B:$B,$B$13,'North 5G Progress'!$J:$J,H15,'North 5G Progress'!$C:$C,"<>") -> 0 | I16: =COUNTIFS('North 5G Progress'!$B:$B,$B$13,'North 5G Progress'!$J:$J,I15,'North 5G Progress'!$C:$C,"<>") -> 0 | J16: =COUNTIFS('North 5G Progress'!$B:$B,$B$13,'North 5G Progress'!$J:$J,J15,'North 5G Progress'!$C:$C,"<>") -> 0 | K16: =COUNTIFS('North 5G Progress'!$B:$B,$B$13,'North 5G Progress'!$J:$J,K15,'North 5G Progress'!$C:$C,"<>") -> 0 | L16: =COUNTIFS('North 5G Progress'!$B:$B,$B$13,'North 5G Progress'!$J:$J,L15,'North 5G Progress'!$C:$C,"<>") -> 0 | ... Y16: =COUNTIFS('North 5G Progress'!$B:$B,$B$13,'North 5G Progress'!$J:$J,Y15,'North 5G Progress'!$C:$C,"<>") -> 0
B17: Thai Nguyen | C17: =COUNTIFS('North 5G Progress'!B:B,B17,'North 5G Progress'!J:J,"<>") -> 0 | D17: 5G | E17: =COUNTIFS('North 5G Progress'!$B:$B,$B$13,'North 5G Progress'!$J:$J,E16,'North 5G Progress'!$C:$C,"<>") -> 0 | F17: =COUNTIFS('North 5G Progress'!$B:$B,$B$13,'North 5G Progress'!$J:$J,F16,'North 5G Progress'!$C:$C,"<>") -> 0 | G17: =COUNTIFS('North 5G Progress'!$B:$B,$B$13,'North 5G Progress'!$J:$J,G16,'North 5G Progress'!$C:$C,"<>") -> 0 | H17: =COUNTIFS('North 5G Progress'!$B:$B,$B$13,'North 5G Progress'!$J:$J,H16,'North 5G Progress'!$C:$C,"<>") -> 0 | I17: =COUNTIFS('North 5G Progress'!$B:$B,$B$13,'North 5G Progress'!$J:$J,I16,'North 5G Progress'!$C:$C,"<>") -> 0 | J17: =COUNTIFS('North 5G Progress'!$B:$B,$B$13,'North 5G Progress'!$J:$J,J16,'North 5G Progress'!$C:$C,"<>") -> 0 | K17: =COUNTIFS('North 5G Progress'!$B:$B,$B$13,'North 5G Progress'!$J:$J,K16,'North 5G Progress'!$C:$C,"<>") -> 0 | L17: =COUNTIFS('North 5G Progress'!$B:$B,$B$13,'North 5G Progress'!$J:$J,L16,'North 5G Progress'!$C:$C,"<>") -> 0 | ... Y17: =COUNTIFS('North 5G Progress'!$B:$B,$B$13,'North 5G Progress'!$J:$J,Y16,'North 5G Progress'!$C:$C,"<>") -> 0
B18: Ninh Binh | C18: =COUNTIFS('North 5G Progress'!B:B,B18,'North 5G Progress'!J:J,"<>") -> 1 | D18: 5G | E18: =COUNTIFS('North 5G Progress'!$B:$B,$B$13,'North 5G Progress'!$J:$J,E17,'North 5G Progress'!$C:$C,"<>") -> 0 | F18: =COUNTIFS('North 5G Progress'!$B:$B,$B$13,'North 5G Progress'!$J:$J,F17,'North 5G Progress'!$C:$C,"<>") -> 0 | G18: =COUNTIFS('North 5G Progress'!$B:$B,$B$13,'North 5G Progress'!$J:$J,G17,'North 5G Progress'!$C:$C,"<>") -> 0 | H18: =COUNTIFS('North 5G Progress'!$B:$B,$B$13,'North 5G Progress'!$J:$J,H17,'North 5G Progress'!$C:$C,"<>") -> 0 | I18: =COUNTIFS('North 5G Progress'!$B:$B,$B$13,'North 5G Progress'!$J:$J,I17,'North 5G Progress'!$C:$C,"<>") -> 0 | J18: =COUNTIFS('North 5G Progress'!$B:$B,$B$13,'North 5G Progress'!$J:$J,J17,'North 5G Progress'!$C:$C,"<>") -> 0 | K18: =COUNTIFS('North 5G Progress'!$B:$B,$B$13,'North 5G Progress'!$J:$J,K17,'North 5G Progress'!$C:$C,"<>") -> 0 | L18: =COUNTIFS('North 5G Progress'!$B:$B,$B$13,'North 5G Progress'!$J:$J,L17,'North 5G Progress'!$C:$C,"<>") -> 0 | ... Y18: =COUNTIFS('North 5G Progress'!$B:$B,$B$13,'North 5G Progress'!$J:$J,Y17,'North 5G Progress'!$C:$C,"<>") -> 0
A22: Da Nang
B24: Province | C24: Total On Air Site | D24: RAT | E24: 46141 | F24: =E24+1 -> 46142 | G24: =F24+1 -> 46143 | H24: =G24+1 -> 46144 | I24: =H24+1 -> 46145 | J24: =I24+1 -> 46146 | K24: =J24+1 -> 46147 | L24: =K24+1 -> 46148 | M24: =L24+1 -> 46149 | ... Y24: =X24+1 -> 46161
B25: Da Nang | C25: =COUNTIFS('Ha Noi Progress'!D:D,"<>",'Ha Noi Progress'!I:I,"<>",'Ha Noi Progress'!B:B,B25) -> 0 | D25: 4G | E25: =COUNTIFS('Ha Noi Progress'!$B:$B,$B$5,'Ha Noi Progress'!$D:$D,"<>",'Ha Noi Progress'!$I:$I,E24) -> 0 | F25: =COUNTIFS('Ha Noi Progress'!$B:$B,$B$5,'Ha Noi Progress'!$D:$D,"<>",'Ha Noi Progress'!$I:$I,F24) -> 0 | G25: =COUNTIFS('Ha Noi Progress'!$B:$B,$B$5,'Ha Noi Progress'!$D:$D,"<>",'Ha Noi Progress'!$I:$I,G24) -> 0 | H25: =COUNTIFS('Ha Noi Progress'!$B:$B,$B$5,'Ha Noi Progress'!$D:$D,"<>",'Ha Noi Progress'!$I:$I,H24) -> 0 | I25: =COUNTIFS('Ha Noi Progress'!$B:$B,$B$5,'Ha Noi Progress'!$D:$D,"<>",'Ha Noi Progress'!$I:$I,I24) -> 0 | J25: =COUNTIFS('Ha Noi Progress'!$B:$B,$B$5,'Ha Noi Progress'!$D:$D,"<>",'Ha Noi Progress'!$I:$I,J24) -> 0 | K25: =COUNTIFS('Ha Noi Progress'!$B:$B,$B$5,'Ha Noi Progress'!$D:$D,"<>",'Ha Noi Progress'!$I:$I,K24) -> 0 | L25: =COUNTIFS('Ha Noi Progress'!$B:$B,$B$5,'Ha Noi Progress'!$D:$D,"<>",'Ha Noi Progress'!$I:$I,L24) -> 1 | ... P25: =COUNTIFS('Ha Noi Progress'!$B:$B,$B$5,'Ha Noi Progress'!$D:$D,"<>",'Ha Noi Progress'!$I:$I,P24) -> 0 | Q25: 0 | R25: =COUNTIFS('Ha Noi Progress'!$B:$B,$B$5,'Ha Noi Progress'!$D:$D,"<>",'Ha Noi Progress'!$I:$I,R24) -> 0 | S25: =COUNTIFS('Ha Noi Progress'!$B:$B,$B$5,'Ha Noi Progress'!$D:$D,"<>",'Ha Noi Progress'!$I:$I,S24) -> 0 | T25: =COUNTIFS('Ha Noi Progress'!$B:$B,$B$5,'Ha Noi Progress'!$D:$D,"<>",'Ha Noi Progress'!$I:$I,T24) -> 0 | U25: 0 | V25: =COUNTIFS('Ha Noi Progress'!$B:$B,$B$5,'Ha Noi Progress'!$D:$D,"<>",'Ha Noi Progress'!$I:$I,V24) -> 0 | W25: =COUNTIFS('Ha Noi Progress'!$B:$B,$B$5,'Ha Noi Progress'!$D:$D,"<>",'Ha Noi Progress'!$I:$I,W24) -> 0 | X25: =COUNTIFS('Ha Noi Progress'!$B:$B,$B$5,'Ha Noi Progress'!$D:$D,"<>",'Ha Noi Progress'!$I:$I,X24) -> 0 | Y25: =COUNTIFS('Ha Noi Progress'!$B:$B,$B$5,'Ha Noi Progress'!$D:$D,"<>",'Ha Noi Progress'!$I:$I,Y24) -> 0
C26: 3 | D26: 5G | E26: =COUNTIFS('Ha Noi Progress'!$D:$D,"<>",'Ha Noi Progress'!$B:$B,$B$5,'Ha Noi Progress'!$M:$M,E24) -> 0 | F26: =COUNTIFS('Ha Noi Progress'!$D:$D,"<>",'Ha Noi Progress'!$B:$B,$B$5,'Ha Noi Progress'!$M:$M,F24) -> 0 | G26: =COUNTIFS('Ha Noi Progress'!$D:$D,"<>",'Ha Noi Progress'!$B:$B,$B$5,'Ha Noi Progress'!$M:$M,G24) -> 0 | H26: =COUNTIFS('Ha Noi Progress'!$D:$D,"<>",'Ha Noi Progress'!$B:$B,$B$5,'Ha Noi Progress'!$M:$M,H24) -> 0 | I26: =COUNTIFS('Ha Noi Progress'!$D:$D,"<>",'Ha Noi Progress'!$B:$B,$B$5,'Ha Noi Progress'!$M:$M,I24) -> 0 | J26: =COUNTIFS('Ha Noi Progress'!$D:$D,"<>",'Ha Noi Progress'!$B:$B,$B$5,'Ha Noi Progress'!$M:$M,J24) -> 0 | K26: =COUNTIFS('Ha Noi Progress'!$D:$D,"<>",'Ha Noi Progress'!$B:$B,$B$5,'Ha Noi Progress'!$M:$M,K24) -> 0 | L26: =COUNTIFS('Ha Noi Progress'!$D:$D,"<>",'Ha Noi Progress'!$B:$B,$B$5,'Ha Noi Progress'!$M:$M,L24) -> 1 | ... T26: =COUNTIFS('Ha Noi Progress'!$D:$D,"<>",'Ha Noi Progress'!$B:$B,$B$5,'Ha Noi Progress'!$M:$M,T24) -> 0 | U26: 0 | V26: 2 | W26: 1 | X26: =COUNTIFS('Ha Noi Progress'!$D:$D,"<>",'Ha Noi Progress'!$B:$B,$B$5,'Ha Noi Progress'!$M:$M,X24) -> 0 | Y26: =COUNTIFS('Ha Noi Progress'!$D:$D,"<>",'Ha Noi Progress'!$B:$B,$B$5,'Ha Noi Progress'!$M:$M,Y24) -> 0

Sheet Ha Noi Progress
H1: 4G | L1: 5G | U1: Monitor
A2: No | B2: Province | C2: Cluster | D2: Site Name | E2: OM Link Status | F2: Pre Swap Scripts | G2: Site Status | H2: Plan On-air | I2: On-air Day | J2: On-air Time | K2: Status | L2: Plan On-air | M2: On-air Day | N2: On-air Time | O2: Status | P2: Post Swap Scripts | Q2: NSN->HW Neighbors | R2: CQT Start Time | S2: CQT Complete Time | T2: Remark | U2: NEName_New4G | V2: NEName_New5G | W2: NEname_Old_4G_NSN | X2: batch | Y2: Vendor | Z2: Alarm（update on May 19 10:00)
A4: 1 | B4: Ha Noi | C4: Pilot | D4: HN_GLM_CN_NINH_HIEP | E4: Connected | F4: Done | G4: On Air | H4: 46148 | I4: 46148 | J4: 0.69930556 | K4: OK | L4: 46148 | M4: 46148 | N4: 0.69930556 | O4: OK | P4: Done | Q4: Not Yet | T4: 4G Swap+New 5G Building 2.6G | U4: HNIPDG02 | V4: HNIPDG02 | W4: HN_GLM_CN_NINH_HIEP | X4: batch1 | Y4: NSN
A5: 2 | B5: Ha Noi | C5: Pilot | D5: HN_GLM_CN_NINH_HIEP_CRAN_2 | E5: Connected | F5: Done | G5: On Air | H5: 46153 | I5: 46153 | J5: 0.63541667 | K5: OK | L5: NA | M5: NA | N5: NA | O5: NA | P5: Done | Q5: Not Yet | T5: 4G Swap | U5: HNIPDG03 | W5: HN_GLM_CN_NINH_HIEP | X5: batch2 | Y5: NSN
A6: 3 | B6: Ha Noi | C6: Pilot | D6: HN_GLM_NINH_HIEP_2_CRAN | E6: Connected | F6: Done | G6: On Air | H6: 46153 | I6: 46153 | J6: 0.75347222 | K6: OK | L6: NA | M6: NA | N6: NA | O6: NA | P6: Done | Q6: Not Yet | T6: 4G Swap | U6: HNIPDG14 | W6: HN_GLM_NINH_HIEP | X6: batch2 | Y6: NSN
A7: 4 | B7: Ha Noi | C7: Pilot | D7: HN_GLM_CAU_DUONG | E7: Connected | F7: Done | G7: On Air | H7: 46157 | I7: 46157 | J7: 0.75 | K7: OK | L7: 46157 | M7: 46157 | N7: 0.75 | O7: OK | P7: Done | Q7: Not Yet | R7: 46157.785 | S7: 46157.85 | T7: Swap 4G + Newbuild 5G Single 2.6 32T | U7: HNIPDG01 | V7: HNIPDG01 | W7: HN_GLM_CAU_DUONG | X7: batch3 | Y7: NSN | Z7: 45G,User Plane Fault,45G,IP Clock Link Failure
A8: 5 | B8: Ha Noi | C8: Pilot | D8: HN_GLM_CONG_THON | E8: Connected | F8: Done | G8: On Air | H8: 46157 | I8: 46157 | J8: 0.75 | K8: OK | L8: 46157 | M8: 46157 | N8: 0.75 | O8: 2 sectors OK, 1 is NOK due to CPRI issue | P8: Done | Q8: Not Yet | R8: 46157.75 | S8: 46157.905 | T8: Swap 4G + Newbuild 5G Single 2.6 32T | U8: HNIPDG04 | V8: HNIPDG04 | W8: HN_GLM_CONG_THON | X8: batch3 | Y8: NSN | Z8: 45G,User Plane Fault,5G,BBU CPRI Interface Error,5G,RF Unit Maintenance Link Failure
A9: 6 | B9: Ha Noi | C9: Pilot | D9: HN_GLM_DINH_XUYEN_2 | E9: Connected | F9: Done | G9: On Air | H9: 46157 | I9: 46157 | J9: 0.61805556 | K9: OK | L9: 46157 | M9: 46157 | N9: 0.61805556 | O9: OK | P9: Done | Q9: Not Yet | R9: 2026/5/15 17:00 | S9: 46157.892 | T9: Swap 4G + Newbuild 5G Single 2.6 32T | U9: HNIPDG06 | V9: HNIPDG06 | W9: HN_GLM_DINH_XUYEN_2 | X9: batch3 | Y9: NSN
A10: 7 | B10: Ha Noi | C10: Pilot | D10: HN_GLM_DINH_XUYEN_3 | E10: Connected | F10: Done | G10: On Air | H10: 46157 | I10: 46157 | J10: 0.75347222 | K10: OK | L10: 46157 | M10: 46157 | N10: 0.75347222 | O10: 2 sectors OK, 1 is NOK due to CPRI issue | P10: Done | Q10: Not Yet | R10: 46157.764 | S10: 46157.824 | T10: Swap 4G + Newbuild 5G Single 2.6 32T | U10: HNIPDG07 | V10: HNIPDG07 | W10: HN_GLM_DINH_XUYEN_3 | X10: batch3 | Y10: NSN | Z10: 45G,Transmission Optical Interface Error,5G,BBU CPRI Interface Error,5G,RF Unit Maintenance Link Failure
A11: 8 | B11: Ha Noi | C11: Pilot | D11: HN_GLM_DUONG_HA | E11: Connected | F11: Done | G11: On Air | H11: 46157 | I11: 46157 | J11: 0.75347222 | K11: 2 sectors OK, 1 is NOK due to CPRI issue | L11: 46157 | M11: 46157 | N11: 0.75347222 | O11: 2 sectors OK, 1 is NOK due to CPRI issue | P11: Done | Q11: Not Yet | R11: 46157.85 | S11: 2026/5/15 22:24:00 sector C issue | T11: Swap 4G + Newbuild 5G Single 2.6 32T | U11: HNIPDG08 | V11: HNIPDG08 | W11: HN_GLM_CAU_DUONG | X11: batch3 | Y11: NSN | Z11: 4G,BBU CPRI Interface Error,4G,Cell Blocked,4G,Data Configuration Exceeding Licensed Limit,4G,RF Unit Maintenance Link Failure,5G,BBU CPRI Interface Error,5G,RF Unit Maintenance Link Failure
A12: 9 | B12: Ha Noi | C12: Pilot | D12: HN_GLM_DUONG_HA_2 | E12: Connected | F12: Done | G12: On Air | H12: 46157 | I12: 46157 | J12: 0.75694444 | K12: OK | L12: NA | M12: NA | N12: NA | O12: NOK due to CPRI issue | P12: Done | Q12: Not Yet | R12: 46157.799 | S12: 46157.85 | T12: Swap 4G + Newbuild 5G Single 2.6 32T | U12: HNIPDG09 | V12: HNIPDG09 | W12: HN_GLM_DUONG_HA_2 | X12: batch3 | Y12: NSN | Z12: 45G,User Plane Fault,5G,BBU CPRI Interface Error,5G,RF Unit Maintenance Link Failure
A13: 10 | B13: Ha Noi | C13: Pilot | D13: HN_GLM_HA_HUY_TAP | E13: Connected | F13: Done | G13: On Air | H13: 46157 | I13: 46157 | J13: 0.75694444 | K13: 2 sectors OK, 1 is NOK due to CPRI issue | L13: NA | M13: NA | N13: NA | O13: NOK due to CPRI issue | P13: Done | Q13: Not Yet | R13: 46157.899 | S13: 2026/5/15 22:10:00. 4G sector C locked | T13: Swap 4G + Newbuild 5G Single 2.6 32T | U13: HNIPDG10 | V13: HNIPDG10 | W13: HN_GLM_YEN_THUONG_CRAN | X13: batch3 | Y13: NSN | Z13: 45G,User Plane Fault,5G,BBU CPRI Interface Error,5G,RF Unit Maintenance Link Failure,BBU CPRI Optical Module or Electrical Port Not Ready
A14: 11 | B14: Ha Noi | C14: Pilot | D14: HN_GLM_LA_COI | E14: Connected | F14: Done | G14: On Air | H14: 46157 | I14: 46157 | J14: 0.67222222 | K14: OK | L14: 46157 | M14: 46157 | N14: 0.67222222 | O14: OK | P14: Done | Q14: Not Yet | R14: 46157.983 | S14: 46158.04 | T14: Swap 4G + Newbuild 5G Single 2.6 32T | U14: HNIPDG11 | V14: HNIPDG11 | W14: HN_GLM_LA_COI | X14: batch3 | Y14: NSN | Z14: 5G,BBU CPRI Interface Error,45G,User Plane Fault
A15: 12 | B15: Ha Noi | C15: Pilot | D15: HN_GLM_NGA_4_NINH_HIEP | E15: Connected | F15: Done | G15: On Air | H15: 46157 | I15: 46157 | J15: 0.67222222 | K15: OK | L15: 46157 | M15: 46157 | N15: 0.67222222 | O15: OK | P15: Done | Q15: Not Yet | R15: 46157.969 | S15: 46157.997 | T15: Swap 4G + Newbuild 5G Single 2.6 32T | U15: HNIPDG12 | V15: HNIPDG12 | W15: HN_GLM_NGA_4_NINH_HIEP | X15: batch3 | Y15: NSN | Z15: 45G,User Plane Fault,45G,IP Clock Link Failure
A16: 13 | B16: Ha Noi | C16: Pilot | D16: HN_GLM_NINH_HIEP | E16: Connected | F16: Done | G16: On Air | H16: 46157 | I16: 46157 | J16: 0.64583333 | K16: OK | L16: 46157 | M16: 46157 | N16: 0.64583333 | O16: OK | P16: Done | Q16: Not Yet | R16: 46157.708 | S16: 46157.951 | T16: Swap 4G + Newbuild 5G Single 2.6 32T | U16: HNIPDG13 | V16: HNIPDG13 | W16: HN_GLM_NINH_HIEP | X16: batch3 | Y16: NSN
A17: 14 | B17: Ha Noi | C17: Pilot | D17: HN_GLM_XUAN_DUC | E17: Connected | F17: Done | G17: On Air | H17: 46157 | I17: 46157 | J17: 0.75694444 | K17: OK | L17: NA | M17: NA | N17: NA | O17: NOK due to CRPI issue | P17: Done | Q17: Not Yet | R17: 46157.917 | S17: 2026/5/15 22:00:00 No 5G | T17: Swap 4G + Newbuild 5G Single 2.6 32T | U17: HNIPDG21 | V17: HNIPDG21 | W17: HN_GLM_CAU_DUONG | X17: batch3 | Y17: NSN | Z17: 45G,Transmission Optical Interface Error,45G,User Plane Fault
A18: 15 | B18: Ha Noi | C18: Pilot | D18: HN_GLM_YEN_THUONG | E18: Connected | F18: Done | G18: On Air | H18: 46157 | I18: 46157 | J18: 0.75902778 | K18: OK | L18: 46157 | M18: 46157 | N18: 0.75902778 | O18: OK | P18: Done | Q18: Not Yet | R18: 46157.847 | S18: 2026/5/15 21:50:00 Cannot camp on 5G | T18: Swap 4G + Newbuild 5G Single 2.6 32T | U18: HNIPDG22 | V18: HNIPDG22 | W18: HN_GLM_YEN_THUONG_CRAN | X18: batch3 | Y18: NSN | Z18: 5G,BBU CPRI Interface Error,5G,gNodeB Out of Service,5G,NR DU Cell TRP Unavailable,5G,RF Unit DC Input Power Failure,5G,RF Unit External Power Supply Insufficient,5G,RF Unit Maintenance Link Failure
A19: 16 | B19: Ha Noi | C19: Pilot | D19: HN_GLM_YEN_THUONG_CRAN | E19: Connected | F19: Done | G19: On Air | H19: 46157 | I19: 46157 | J19: 0.75902778 | K19: OK | L19: 46157 | M19: 46157 | N19: 0.75902778 | O19: OK | P19: Done | Q19: Not Yet | R19: 46157.792 | S19: 46157.847 | T19: Swap 4G | U19: HNIPDG22 | W19: HN_GLM_YEN_THUONG_CRAN | X19: batch3 | Y19: NSN | Z19: 5G,BBU CPRI Interface Error,5G,gNodeB Out of Service,5G,NR DU Cell TRP Unavailable,5G,RF Unit DC Input Power Failure,5G,RF Unit External Power Supply Insufficient,5G,RF Unit Maintenance Link Failure

Sheet North 5G Progress
F1: 3.8G_N77 | I1: 2.6G_N41 | Q1: Monitor
A2: No | B2: Province | C2: Site Name | D2: OM Link Status | E2: Site Status | F2: Plan On-air | G2: On-air Day | H2: On-air Time | I2: Plan On-air | J2: On-air Day | K2: On-air Time | L2: Post Swap Scripts | M2: NSN->HW Neighbors | N2: CQT Start Time | O2: CQT Complete Time | P2: Remark | Q2: NEName_New | R2: NEname_Old | S2: Batch | T2: Vendor | U2: Alarm（update on May 19 10:00)
A3: 1 | B3: Hai Phong | C3: HPG_CHI_DONG_BAI | E3: On Air | I3: 46141 | J3: 46141 | K3: 0.79166667 | P3: Newbuild 5G Dual (2.6 64T + 3.8 64T) | Q3: HPGCHI02_5G | R3: HPG_CHI_DONG_BAI_4G | S3: batch1 | T3: HUA
A4: 2 | B4: Hai Phong | C4: HPG_TNN_TT_HANH_CHINH_2_01R | E4: On Air | I4: 46149 | J4: 46149 | K4: 0.65972222 | P4: Newbuild 5G Dual (2.6 64T + 3.8 64T) | Q4: HPGTNN57_5G | R4: HPG_TNN_TT_HANH_CHINH_2_4G | S4: batch1 | T4: HUA | U4: 5G,RF Unit DC Input Power Failure,5G,RF Unit Maintenance Link Failure
A5: 3 | B5: Hai Phong | C5: HPG_CHI_CAT_BA_4 | E5: On Air | I5: 46149 | J5: 46150 | K5: 0.39583333 | P5: Newbuild 5G Single 2.6 32T | Q5: HPGCHI07_5G | R5: HPG_CHI_CAT_BA_4_4G | S5: batch1 | T5: HUA
A6: 4 | B6: Hai Phong | C6: HDG_CGG_DUC_CHINH_3 | I6: NA | P6: Newbuild 5G Single 2.6 32T | Q6: HPGVHA10_5G | R6: HDG_CGG_DUC_CHINH_3_4G | S6: batch1 | T6: HUA
A7: 5 | B7: Hung Yen | C7: HYN_VLM_CHI_DAO_2 | I7: 46160
A8: 6 | B8: Thai Nguyen | C8: TNN_PBH_THUONG_DINH_2 | I8: 46160
A9: 7 | B9: Hai Duong | C9: HDG_CGG_CAM_DINH | I9: 46160
A10: 8 | B10: Hai Duong | C10: HDG_CGG_CAM_GIANG_2 | I10: 46160
A11: 9 | B11: Hai Duong | C11: HDG_CGG_CAM_PHUC | I11: 46160
A12: 10 | B12: Hai Duong | C12: HDG_CGG_CAM_VU | I12: 46160
A13: 11 | B13: Hai Duong | C13: HDG_CGG_CAO_AN | I13: 46160
A14: 12 | B14: Hai Duong | C14: HDG_CGG_CAO_AN_2 | I14: 46160
A15: 13 | B15: Hung Yen | C15: HYN_YMY_LIEU_XA_3 | I15: 46160
A16: 14 | B16: Thai Binh | C16: TBH_DHG_DONG_XUAN | I16: 46160
A17: 15 | B17: Ninh Binh | C17: NB_GVN_GIA_SINH_2 | I17: 46160 | J17: 46160 | K17: 0.69236111 | Q17: NBHTHL03_5G

Sheet Middle Swap Progress 
H1: 4G | L1: 5G | U1: Monitor
A2: No | B2: Province | C2: Cluster | D2: Site Name | E2: OM Link Status | F2: Pre Swap Scripts | G2: Site Status | H2: Plan On-air | I2: On-air Day | J2: On-air Time | K2: Status | L2: Plan On-air | M2: On-air Day | N2: On-air Time | O2: Status | P2: Post Swap Scripts | Q2: NSN->HW Neighbors | R2: CQT Start Time | S2: CQT Complete Time | T2: Remark | U2: NEName_New4G | V2: NEName_New5G | W2: NEname_Old_4G_NSN | X2: batch | Y2: Vendor | Z2: Alarm（update on May 18 15:00)

Sheet Middle 5G  Progress
D1: Hoang Van Gia Toan 60079944 | F1: 3.8G_N77 | I1: 2.6G_N41 | N1: Pham Duy Thanh 60118201 | O1: Pham Duy Thanh 60118201 | Q1: Monitor
A2: No | B2: Province | C2: Site Name | D2: OM Link Status | E2: Site Status | F2: Plan On-air | G2: On-air Day | H2: On-air Time | I2: Plan On-air | J2: On-air Day | K2: On-air Time | L2: Post Swap Scripts | M2: NSN->HW Neighbors | N2: CQT Start Time | O2: CQT Complete Time | P2: Remark | Q2: NEName_New | R2: NEname_Old | S2: Batch | T2: Vendor | U2: Alarm（update on May 18 15:00)
A3: 1 | B3: Da Nang | C3: DNNH26 | D3: Connected | E3: On Air | I3: 46168 | J3: 46158 | K3: 0.67708333 | P3: Newbuild 5G Single 2.6 32T | Q3: DNGNHS43-5G | T3: HUA
A4: 2 | B4: Da Nang | C4: DNNH2B | D4: Connected | E4: On Air | I4: 46168 | J4: 46158 | K4: 0.63541667 | P4: Newbuild 5G Single 2.6 32T | Q4: DNGNHS48-5G | T4: HUA
A5: 3 | B5: Da Nang | C5: DNTK01 | D5: Connected | E5: On Air | I5: 46165 | J5: 46159 | K5: 0.65763889 | P5: Upgrade to 5G Dual (Existing 3.8 + 2.6 64T) | Q5: DNGTKE02_5G | T5: HUA

Sheet South 5G  Progress Tracker
F1: 3.8G_N77 | I1: 2.6G_N41 | Q1: Monitor
A2: No | B2: Province | C2: Site Name | D2: OM Link Status | E2: Site Status | F2: Plan On-air | G2: On-air Day | H2: On-air Time | I2: Plan On-air | J2: On-air Day | K2: On-air Time | L2: Post Swap Scripts | M2: NSN->HW Neighbors | N2: CQT Start Time | O2: CQT Complete Time | P2: Remark | Q2: NEName_New | R2: NEname_Old | S2: Batch | T2: Vendor | U2: Alarm（update on May 18 15:00)
A3: 1 | B3: Hai Phong | C3: HPG_CHI_DONG_BAI | E3: On Air | I3: 46141 | J3: 46141 | K3: 0.79166667 | P3: Newbuild 5G Dual (2.6 64T + 3.8 64T) | Q3: HPGCHI02_5G | R3: HPG_CHI_DONG_BAI_4G | S3: batch1 | T3: HUA
A4: 2 | B4: Hai Phong | C4: HPG_TNN_TT_HANH_CHINH_2_01R | E4: On Air | I4: 46149 | J4: 46149 | K4: 0.65972222 | P4: Newbuild 5G Dual (2.6 64T + 3.8 64T) | Q4: HPGTNN57_5G | R4: HPG_TNN_TT_HANH_CHINH_2_4G | S4: batch1 | T4: HUA | U4: 5G,RF Unit DC Input Power Failure,5G,RF Unit Maintenance Link Failure
A5: 3 | B5: Hai Phong | C5: HPG_CHI_CAT_BA_4 | E5: On Air | I5: 46149 | J5: 46150 | K5: 0.39583333 | P5: Newbuild 5G Single 2.6 32T | Q5: HPGCHI07_5G | R5: HPG_CHI_CAT_BA_4_4G | S5: batch1 | T5: HUA
A6: 4 | B6: Hai Phong | C6: HDG_CGG_DUC_CHINH_3 | I6: NA | P6: Newbuild 5G Single 2.6 32T | Q6: HPGVHA10_5G | R6: HDG_CGG_DUC_CHINH_3_4G | S6: batch1 | T6: HUA
A7: 5 | B7: Hung Yen | C7: HYN_VLM_CHI_DAO_2 | I7: 46160
A8: 6 | B8: Thai Nguyen | C8: TNN_PBH_THUONG_DINH_2 | I8: 46160
A9: 7 | B9: Hai Duong | C9: HDG_CGG_CAM_DINH | I9: 46160
A10: 8 | B10: Hai Duong | C10: HDG_CGG_CAM_GIANG_2 | I10: 46160
A11: 9 | B11: Hai Duong | C11: HDG_CGG_CAM_PHUC | I11: 46160
A12: 10 | B12: Hai Duong | C12: HDG_CGG_CAM_VU | I12: 46160
A13: 11 | B13: Hai Duong | C13: HDG_CGG_CAO_AN | I13: 46160
A14: 12 | B14: Hai Duong | C14: HDG_CGG_CAO_AN_2 | I14: 46160
A15: 13 | B15: Hung Yen | C15: HYN_YMY_LIEU_XA_3 | I15: 46160
A16: 14 | B16: Thai Binh | C16: TBH_DHG_DONG_XUAN | I16: 46160
A17: 15 | B17: Ninh Binh | C17: NB_GVN_GIA_SINH_2 | I17: 46160 | J17: 46160 | K17: 0.69236111 | Q17: NBHTHL03_5G

Sheet Sheet4

Sheet WpsReserved_CellImgList
